NODEB;REQUESTOR;STARTDATE;ENDDATE;REASON
mock1;mockRequestor;20100602;20100605;mockReason
mock2;mockRequestor;20100602;;mockReason
mock3;mockRequestor;20100602;;mockReason
mock4;mockRequestor;20100602;20100605;mockReason
mock1;mockRequestor;20100602;20100605;mockReason
mock2;mockRequestor;20100602;;mockReason
mock3;mockRequestor;20100602;;mockReason
mock4;mockRequestor;20100602;20100605;mockReason
mock1;mockRequestor;20100602;20100605;mockReason
mock2;mockRequestor;20100602;;mockReason
mock3;mockRequestor;20100602;;mockReason
mock4;mockRequestor;20100602;20100605;mockReason
mock1;mockRequestor;20100602;20100605;mockReason
mock2;mockRequestor;20100602;;mockReason
mock3;mockRequestor;20100602;;mockReason
mock4;mockRequestor;20100602;20100605;mockReason
mock1;mockRequestor;20100602;20100605;mockReason
mock2;mockRequestor;20100602;;mockReason
mock3;mockRequestor;20100602;;mockReason
mock4;mockRequestor;20100602;20100605;mockReason
mock1;mockRequestor;20100602;20100605;mockReason
mock2;mockRequestor;20100602;;mockReason
mock3;mockRequestor;20100602;;mockReason
mock4;mockRequestor;20100602;20100605;mockReason
mock1;mockRequestor;20100602;20100605;mockReason
mock2;mockRequestor;20100602;;mockReason
mock3;mockRequestor;20100602;;mockReason
mock4;mockRequestor;20100602;20100605;mockReason
mock1;mockRequestor;20100602;20100605;mockReason
mock2;mockRequestor;20100602;;mockReason
mock3;mockRequestor;20100602;;mockReason
mock4;mockRequestor;20100602;20100605;mockReason
mock1;mockRequestor;20100602;20100605;mockReason
mock2;mockRequestor;20100602;;mockReason
mock3;mockRequestor;20100602;;mockReason
mock4;mockRequestor;20100602;20100605;mockReason
mock1;mockRequestor;20100602;20100605;mockReason
mock2;mockRequestor;20100602;;mockReason
mock3;mockRequestor;20100602;;mockReason
mock4;mockRequestor;20100602;20100605;mockReason
mock1;mockRequestor;20100602;20100605;mockReason
mock2;mockRequestor;20100602;;mockReason
mock3;mockRequestor;20100602;;mockReason
mock4;mockRequestor;20100602;20100605;mockReason
mock1;mockRequestor;20100602;20100605;mockReason
mock2;mockRequestor;20100602;;mockReason
mock3;mockRequestor;20100602;;mockReason
mock4;mockRequestor;20100602;20100605;mockReason
mock1;mockRequestor;20100602;20100605;mockReason
mock2;mockRequestor;20100602;;mockReason
mock3;mockRequestor;20100602;;mockReason
mock4;mockRequestor;20100602;20100605;mockReason
mock1;mockRequestor;20100602;20100605;mockReason
mock2;mockRequestor;20100602;;mockReason
mock3;mockRequestor;20100602;;mockReason
mock4;mockRequestor;20100602;20100605;mockReason
mock1;mockRequestor;20100602;20100605;mockReason
mock2;mockRequestor;20100602;;mockReason
mock3;mockRequestor;20100602;;mockReason
mock4;mockRequestor;20100602;20100605;mockReason
mock1;mockRequestor;20100602;20100605;mockReason
mock2;mockRequestor;20100602;;mockReason
mock3;mockRequestor;20100602;;mockReason
mock4;mockRequestor;20100602;20100605;mockReason
mock1;mockRequestor;20100602;20100605;mockReason
mock2;mockRequestor;20100602;;mockReason
mock3;mockRequestor;20100602;;mockReason
mock4;mockRequestor;20100602;20100605;mockReason
mock1;mockRequestor;20100602;20100605;mockReason
mock2;mockRequestor;20100602;;mockReason
mock3;mockRequestor;20100602;;mockReason
mock4;mockRequestor;20100602;20100605;mockReason
mock1;mockRequestor;20100602;20100605;mockReason
mock2;mockRequestor;20100602;;mockReason
mock3;mockRequestor;20100602;;mockReason
mock4;mockRequestor;20100602;20100605;mockReason
mock1;mockRequestor;20100602;20100605;mockReason
mock2;mockRequestor;20100602;;mockReason
mock3;mockRequestor;20100602;;mockReason
mock4;mockRequestor;20100602;20100605;mockReason
mock1;mockRequestor;20100602;20100605;mockReason
mock2;mockRequestor;20100602;;mockReason
mock3;mockRequestor;20100602;;mockReason
mock4;mockRequestor;20100602;20100605;mockReason
mock1;mockRequestor;20100602;20100605;mockReason
mock2;mockRequestor;20100602;;mockReason
mock3;mockRequestor;20100602;;mockReason
mock4;mockRequestor;20100602;20100605;mockReason
mock1;mockRequestor;20100602;20100605;mockReason
mock2;mockRequestor;20100602;;mockReason
mock3;mockRequestor;20100602;;mockReason
mock4;mockRequestor;20100602;20100605;mockReason
mock1;mockRequestor;20100602;20100605;mockReason
mock2;mockRequestor;20100602;;mockReason
mock3;mockRequestor;20100602;;mockReason
mock4;mockRequestor;20100602;20100605;mockReason
mock1;mockRequestor;20100602;20100605;mockReason
mock2;mockRequestor;20100602;;mockReason
mock3;mockRequestor;20100602;;mockReason
mock4;mockRequestor;20100602;20100605;mockReason
mock1;mockRequestor;20100602;20100605;mockReason
mock2;mockRequestor;20100602;;mockReason
mock3;mockRequestor;20100602;;mockReason
mock4;mockRequestor;20100602;20100605;mockReason
mock1;mockRequestor;20100602;20100605;mockReason
mock2;mockRequestor;20100602;;mockReason
mock3;mockRequestor;20100602;;mockReason
mock4;mockRequestor;20100602;20100605;mockReason
mock1;mockRequestor;20100602;20100605;mockReason
mock2;mockRequestor;20100602;;mockReason
mock3;mockRequestor;20100602;;mockReason
mock4;mockRequestor;20100602;20100605;mockReason
mock1;mockRequestor;20100602;20100605;mockReason
mock2;mockRequestor;20100602;;mockReason
mock3;mockRequestor;20100602;;mockReason
mock4;mockRequestor;20100602;20100605;mockReason
mock1;mockRequestor;20100602;20100605;mockReason
mock2;mockRequestor;20100602;;mockReason
mock3;mockRequestor;20100602;;mockReason
mock4;mockRequestor;20100602;20100605;mockReason
mock1;mockRequestor;20100602;20100605;mockReason
mock2;mockRequestor;20100602;;mockReason
mock3;mockRequestor;20100602;;mockReason
mock4;mockRequestor;20100602;20100605;mockReason
mock1;mockRequestor;20100602;20100605;mockReason
mock2;mockRequestor;20100602;;mockReason
mock3;mockRequestor;20100602;;mockReason
mock4;mockRequestor;20100602;20100605;mockReason
mock1;mockRequestor;20100602;20100605;mockReason
mock2;mockRequestor;20100602;;mockReason
mock3;mockRequestor;20100602;;mockReason
mock4;mockRequestor;20100602;20100605;mockReason
mock1;mockRequestor;20100602;20100605;mockReason
mock2;mockRequestor;20100602;;mockReason
mock3;mockRequestor;20100602;;mockReason
mock4;mockRequestor;20100602;20100605;mockReason
mock1;mockRequestor;20100602;20100605;mockReason
mock2;mockRequestor;20100602;;mockReason
mock3;mockRequestor;20100602;;mockReason
mock4;mockRequestor;20100602;20100605;mockReason
mock1;mockRequestor;20100602;20100605;mockReason
mock2;mockRequestor;20100602;;mockReason
mock3;mockRequestor;20100602;;mockReason
mock4;mockRequestor;20100602;20100605;mockReason
mock1;mockRequestor;20100602;20100605;mockReason
mock2;mockRequestor;20100602;;mockReason
mock3;mockRequestor;20100602;;mockReason
mock4;mockRequestor;20100602;20100605;mockReason
mock1;mockRequestor;20100602;20100605;mockReason
mock2;mockRequestor;20100602;;mockReason
mock3;mockRequestor;20100602;;mockReason
mock4;mockRequestor;20100602;20100605;mockReason
mock1;mockRequestor;20100602;20100605;mockReason
mock2;mockRequestor;20100602;;mockReason
mock3;mockRequestor;20100602;;mockReason
mock4;mockRequestor;20100602;20100605;mockReason
mock1;mockRequestor;20100602;20100605;mockReason
mock2;mockRequestor;20100602;;mockReason
mock3;mockRequestor;20100602;;mockReason
mock4;mockRequestor;20100602;20100605;mockReason
mock1;mockRequestor;20100602;20100605;mockReason
mock2;mockRequestor;20100602;;mockReason
mock3;mockRequestor;20100602;;mockReason
mock4;mockRequestor;20100602;20100605;mockReason
mock1;mockRequestor;20100602;20100605;mockReason
mock2;mockRequestor;20100602;;mockReason
mock3;mockRequestor;20100602;;mockReason
mock4;mockRequestor;20100602;20100605;mockReason
mock1;mockRequestor;20100602;20100605;mockReason
mock2;mockRequestor;20100602;;mockReason
mock3;mockRequestor;20100602;;mockReason
mock4;mockRequestor;20100602;20100605;mockReason
mock1;mockRequestor;20100602;20100605;mockReason
mock2;mockRequestor;20100602;;mockReason
mock3;mockRequestor;20100602;;mockReason
mock4;mockRequestor;20100602;20100605;mockReason
mock1;mockRequestor;20100602;20100605;mockReason
mock2;mockRequestor;20100602;;mockReason
mock3;mockRequestor;20100602;;mockReason
mock4;mockRequestor;20100602;20100605;mockReason
mock1;mockRequestor;20100602;20100605;mockReason
mock2;mockRequestor;20100602;;mockReason
mock3;mockRequestor;20100602;;mockReason
mock4;mockRequestor;20100602;20100605;mockReason
mock1;mockRequestor;20100602;20100605;mockReason
mock2;mockRequestor;20100602;;mockReason
mock3;mockRequestor;20100602;;mockReason
mock4;mockRequestor;20100602;20100605;mockReason
mock1;mockRequestor;20100602;20100605;mockReason
mock2;mockRequestor;20100602;;mockReason
mock3;mockRequestor;20100602;;mockReason
mock4;mockRequestor;20100602;20100605;mockReason
mock1;mockRequestor;20100602;20100605;mockReason
mock2;mockRequestor;20100602;;mockReason
mock3;mockRequestor;20100602;;mockReason
mock4;mockRequestor;20100602;20100605;mockReason
mock1;mockRequestor;20100602;20100605;mockReason
mock2;mockRequestor;20100602;;mockReason
mock3;mockRequestor;20100602;;mockReason
mock4;mockRequestor;20100602;20100605;mockReason
mock1;mockRequestor;20100602;20100605;mockReason
mock2;mockRequestor;20100602;;mockReason
mock3;mockRequestor;20100602;;mockReason
mock4;mockRequestor;20100602;20100605;mockReason
mock1;mockRequestor;20100602;20100605;mockReason
mock2;mockRequestor;20100602;;mockReason
mock3;mockRequestor;20100602;;mockReason
mock4;mockRequestor;20100602;20100605;mockReason
mock1;mockRequestor;20100602;20100605;mockReason
mock2;mockRequestor;20100602;;mockReason
mock3;mockRequestor;20100602;;mockReason
mock4;mockRequestor;20100602;20100605;mockReason
mock1;mockRequestor;20100602;20100605;mockReason
mock2;mockRequestor;20100602;;mockReason
mock3;mockRequestor;20100602;;mockReason
mock4;mockRequestor;20100602;20100605;mockReason
mock1;mockRequestor;20100602;20100605;mockReason
mock2;mockRequestor;20100602;;mockReason
mock3;mockRequestor;20100602;;mockReason
mock4;mockRequestor;20100602;20100605;mockReason
mock1;mockRequestor;20100602;20100605;mockReason
mock2;mockRequestor;20100602;;mockReason
mock3;mockRequestor;20100602;;mockReason
mock4;mockRequestor;20100602;20100605;mockReason
mock1;mockRequestor;20100602;20100605;mockReason
mock2;mockRequestor;20100602;;mockReason
mock3;mockRequestor;20100602;;mockReason
mock4;mockRequestor;20100602;20100605;mockReason
mock1;mockRequestor;20100602;20100605;mockReason
mock2;mockRequestor;20100602;;mockReason
mock3;mockRequestor;20100602;;mockReason
mock4;mockRequestor;20100602;20100605;mockReason
mock1;mockRequestor;20100602;20100605;mockReason
mock2;mockRequestor;20100602;;mockReason
mock3;mockRequestor;20100602;;mockReason
mock4;mockRequestor;20100602;20100605;mockReason
mock1;mockRequestor;20100602;20100605;mockReason
mock2;mockRequestor;20100602;;mockReason
mock3;mockRequestor;20100602;;mockReason
mock4;mockRequestor;20100602;20100605;mockReason
mock1;mockRequestor;20100602;20100605;mockReason
mock2;mockRequestor;20100602;;mockReason
mock3;mockRequestor;20100602;;mockReason
mock4;mockRequestor;20100602;20100605;mockReason
mock1;mockRequestor;20100602;20100605;mockReason
mock2;mockRequestor;20100602;;mockReason
mock3;mockRequestor;20100602;;mockReason
mock4;mockRequestor;20100602;20100605;mockReason
mock1;mockRequestor;20100602;20100605;mockReason
mock2;mockRequestor;20100602;;mockReason
mock3;mockRequestor;20100602;;mockReason
mock4;mockRequestor;20100602;20100605;mockReason
mock1;mockRequestor;20100602;20100605;mockReason
mock2;mockRequestor;20100602;;mockReason
mock3;mockRequestor;20100602;;mockReason
mock4;mockRequestor;20100602;20100605;mockReason
mock1;mockRequestor;20100602;20100605;mockReason
mock2;mockRequestor;20100602;;mockReason
mock3;mockRequestor;20100602;;mockReason
mock4;mockRequestor;20100602;20100605;mockReason
mock1;mockRequestor;20100602;20100605;mockReason
mock2;mockRequestor;20100602;;mockReason
mock3;mockRequestor;20100602;;mockReason
mock4;mockRequestor;20100602;20100605;mockReason
mock1;mockRequestor;20100602;20100605;mockReason
mock2;mockRequestor;20100602;;mockReason
mock3;mockRequestor;20100602;;mockReason
mock4;mockRequestor;20100602;20100605;mockReason
mock1;mockRequestor;20100602;20100605;mockReason
mock2;mockRequestor;20100602;;mockReason
mock3;mockRequestor;20100602;;mockReason
mock4;mockRequestor;20100602;20100605;mockReason
mock1;mockRequestor;20100602;20100605;mockReason
mock2;mockRequestor;20100602;;mockReason
mock3;mockRequestor;20100602;;mockReason
mock4;mockRequestor;20100602;20100605;mockReason
mock1;mockRequestor;20100602;20100605;mockReason
mock2;mockRequestor;20100602;;mockReason
mock3;mockRequestor;20100602;;mockReason
mock4;mockRequestor;20100602;20100605;mockReason
mock1;mockRequestor;20100602;20100605;mockReason
mock2;mockRequestor;20100602;;mockReason
mock3;mockRequestor;20100602;;mockReason
mock4;mockRequestor;20100602;20100605;mockReason
mock1;mockRequestor;20100602;20100605;mockReason
mock2;mockRequestor;20100602;;mockReason
mock3;mockRequestor;20100602;;mockReason
mock4;mockRequestor;20100602;20100605;mockReason
mock1;mockRequestor;20100602;20100605;mockReason
mock2;mockRequestor;20100602;;mockReason
mock3;mockRequestor;20100602;;mockReason
mock4;mockRequestor;20100602;20100605;mockReason
mock1;mockRequestor;20100602;20100605;mockReason
mock2;mockRequestor;20100602;;mockReason
mock3;mockRequestor;20100602;;mockReason
mock4;mockRequestor;20100602;20100605;mockReason
mock1;mockRequestor;20100602;20100605;mockReason
mock2;mockRequestor;20100602;;mockReason
mock3;mockRequestor;20100602;;mockReason
mock4;mockRequestor;20100602;20100605;mockReason
mock1;mockRequestor;20100602;20100605;mockReason
mock2;mockRequestor;20100602;;mockReason
mock3;mockRequestor;20100602;;mockReason
mock4;mockRequestor;20100602;20100605;mockReason
mock1;mockRequestor;20100602;20100605;mockReason
mock2;mockRequestor;20100602;;mockReason
mock3;mockRequestor;20100602;;mockReason
mock4;mockRequestor;20100602;20100605;mockReason
mock1;mockRequestor;20100602;20100605;mockReason
mock2;mockRequestor;20100602;;mockReason
mock3;mockRequestor;20100602;;mockReason
mock4;mockRequestor;20100602;20100605;mockReason
mock1;mockRequestor;20100602;20100605;mockReason
mock2;mockRequestor;20100602;;mockReason
mock3;mockRequestor;20100602;;mockReason
mock4;mockRequestor;20100602;20100605;mockReason
mock1;mockRequestor;20100602;20100605;mockReason
mock2;mockRequestor;20100602;;mockReason
mock3;mockRequestor;20100602;;mockReason
mock4;mockRequestor;20100602;20100605;mockReason
mock1;mockRequestor;20100602;20100605;mockReason
mock2;mockRequestor;20100602;;mockReason
mock3;mockRequestor;20100602;;mockReason
mock4;mockRequestor;20100602;20100605;mockReason
mock1;mockRequestor;20100602;20100605;mockReason
mock2;mockRequestor;20100602;;mockReason
mock3;mockRequestor;20100602;;mockReason
mock4;mockRequestor;20100602;20100605;mockReason
mock1;mockRequestor;20100602;20100605;mockReason
mock2;mockRequestor;20100602;;mockReason
mock3;mockRequestor;20100602;;mockReason
mock4;mockRequestor;20100602;20100605;mockReason
mock1;mockRequestor;20100602;20100605;mockReason
mock2;mockRequestor;20100602;;mockReason
mock3;mockRequestor;20100602;;mockReason
mock4;mockRequestor;20100602;20100605;mockReason
mock1;mockRequestor;20100602;20100605;mockReason
mock2;mockRequestor;20100602;;mockReason
mock3;mockRequestor;20100602;;mockReason
mock4;mockRequestor;20100602;20100605;mockReason
mock1;mockRequestor;20100602;20100605;mockReason
mock2;mockRequestor;20100602;;mockReason
mock3;mockRequestor;20100602;;mockReason
mock4;mockRequestor;20100602;20100605;mockReason
mock1;mockRequestor;20100602;20100605;mockReason
mock2;mockRequestor;20100602;;mockReason
mock3;mockRequestor;20100602;;mockReason
mock4;mockRequestor;20100602;20100605;mockReason
mock1;mockRequestor;20100602;20100605;mockReason
mock2;mockRequestor;20100602;;mockReason
mock3;mockRequestor;20100602;;mockReason
mock4;mockRequestor;20100602;20100605;mockReason
mock1;mockRequestor;20100602;20100605;mockReason
mock2;mockRequestor;20100602;;mockReason
mock3;mockRequestor;20100602;;mockReason
mock4;mockRequestor;20100602;20100605;mockReason
mock1;mockRequestor;20100602;20100605;mockReason
mock2;mockRequestor;20100602;;mockReason
mock3;mockRequestor;20100602;;mockReason
mock4;mockRequestor;20100602;20100605;mockReason
mock1;mockRequestor;20100602;20100605;mockReason
mock2;mockRequestor;20100602;;mockReason
mock3;mockRequestor;20100602;;mockReason
mock4;mockRequestor;20100602;20100605;mockReason
mock1;mockRequestor;20100602;20100605;mockReason
mock2;mockRequestor;20100602;;mockReason
mock3;mockRequestor;20100602;;mockReason
mock4;mockRequestor;20100602;20100605;mockReason
mock1;mockRequestor;20100602;20100605;mockReason
mock2;mockRequestor;20100602;;mockReason
mock3;mockRequestor;20100602;;mockReason
mock4;mockRequestor;20100602;20100605;mockReason
mock1;mockRequestor;20100602;20100605;mockReason
mock2;mockRequestor;20100602;;mockReason
mock3;mockRequestor;20100602;;mockReason
mock4;mockRequestor;20100602;20100605;mockReason
mock1;mockRequestor;20100602;20100605;mockReason
mock2;mockRequestor;20100602;;mockReason
mock3;mockRequestor;20100602;;mockReason
mock4;mockRequestor;20100602;20100605;mockReason
mock1;mockRequestor;20100602;20100605;mockReason
mock2;mockRequestor;20100602;;mockReason
mock3;mockRequestor;20100602;;mockReason
mock4;mockRequestor;20100602;20100605;mockReason
mock1;mockRequestor;20100602;20100605;mockReason
mock2;mockRequestor;20100602;;mockReason
mock3;mockRequestor;20100602;;mockReason
mock4;mockRequestor;20100602;20100605;mockReason
mock1;mockRequestor;20100602;20100605;mockReason
mock2;mockRequestor;20100602;;mockReason
mock3;mockRequestor;20100602;;mockReason
mock4;mockRequestor;20100602;20100605;mockReason
mock1;mockRequestor;20100602;20100605;mockReason
mock2;mockRequestor;20100602;;mockReason
mock3;mockRequestor;20100602;;mockReason
mock4;mockRequestor;20100602;20100605;mockReason
mock1;mockRequestor;20100602;20100605;mockReason
mock2;mockRequestor;20100602;;mockReason
mock3;mockRequestor;20100602;;mockReason
mock4;mockRequestor;20100602;20100605;mockReason
mock1;mockRequestor;20100602;20100605;mockReason
mock2;mockRequestor;20100602;;mockReason
mock3;mockRequestor;20100602;;mockReason
mock4;mockRequestor;20100602;20100605;mockReason
mock1;mockRequestor;20100602;20100605;mockReason
mock2;mockRequestor;20100602;;mockReason
mock3;mockRequestor;20100602;;mockReason
mock4;mockRequestor;20100602;20100605;mockReason
mock1;mockRequestor;20100602;20100605;mockReason
mock2;mockRequestor;20100602;;mockReason
mock3;mockRequestor;20100602;;mockReason
mock4;mockRequestor;20100602;20100605;mockReason
mock1;mockRequestor;20100602;20100605;mockReason
mock2;mockRequestor;20100602;;mockReason
mock3;mockRequestor;20100602;;mockReason
mock4;mockRequestor;20100602;20100605;mockReason
mock1;mockRequestor;20100602;20100605;mockReason
mock2;mockRequestor;20100602;;mockReason
mock3;mockRequestor;20100602;;mockReason
mock4;mockRequestor;20100602;20100605;mockReason
mock1;mockRequestor;20100602;20100605;mockReason
mock2;mockRequestor;20100602;;mockReason
mock3;mockRequestor;20100602;;mockReason
mock4;mockRequestor;20100602;20100605;mockReason
mock1;mockRequestor;20100602;20100605;mockReason
mock2;mockRequestor;20100602;;mockReason
mock3;mockRequestor;20100602;;mockReason
mock4;mockRequestor;20100602;20100605;mockReason
mock1;mockRequestor;20100602;20100605;mockReason
mock2;mockRequestor;20100602;;mockReason
mock3;mockRequestor;20100602;;mockReason
mock4;mockRequestor;20100602;20100605;mockReason
mock1;mockRequestor;20100602;20100605;mockReason
mock2;mockRequestor;20100602;;mockReason
mock3;mockRequestor;20100602;;mockReason
mock4;mockRequestor;20100602;20100605;mockReason
mock1;mockRequestor;20100602;20100605;mockReason
mock2;mockRequestor;20100602;;mockReason
mock3;mockRequestor;20100602;;mockReason
mock4;mockRequestor;20100602;20100605;mockReason
mock1;mockRequestor;20100602;20100605;mockReason
mock2;mockRequestor;20100602;;mockReason
mock3;mockRequestor;20100602;;mockReason
mock4;mockRequestor;20100602;20100605;mockReason
mock1;mockRequestor;20100602;20100605;mockReason
mock2;mockRequestor;20100602;;mockReason
mock3;mockRequestor;20100602;;mockReason
mock4;mockRequestor;20100602;20100605;mockReason
mock1;mockRequestor;20100602;20100605;mockReason
mock2;mockRequestor;20100602;;mockReason
mock3;mockRequestor;20100602;;mockReason
mock4;mockRequestor;20100602;20100605;mockReason
mock1;mockRequestor;20100602;20100605;mockReason
mock2;mockRequestor;20100602;;mockReason
mock3;mockRequestor;20100602;;mockReason
mock4;mockRequestor;20100602;20100605;mockReason
mock1;mockRequestor;20100602;20100605;mockReason
mock2;mockRequestor;20100602;;mockReason
mock3;mockRequestor;20100602;;mockReason
mock4;mockRequestor;20100602;20100605;mockReason
mock1;mockRequestor;20100602;20100605;mockReason
mock2;mockRequestor;20100602;;mockReason
mock3;mockRequestor;20100602;;mockReason
mock4;mockRequestor;20100602;20100605;mockReason
mock1;mockRequestor;20100602;20100605;mockReason
mock2;mockRequestor;20100602;;mockReason
mock3;mockRequestor;20100602;;mockReason
mock4;mockRequestor;20100602;20100605;mockReason
mock1;mockRequestor;20100602;20100605;mockReason
mock2;mockRequestor;20100602;;mockReason
mock3;mockRequestor;20100602;;mockReason
mock4;mockRequestor;20100602;20100605;mockReason
mock1;mockRequestor;20100602;20100605;mockReason
mock2;mockRequestor;20100602;;mockReason
mock3;mockRequestor;20100602;;mockReason
mock4;mockRequestor;20100602;20100605;mockReason
mock1;mockRequestor;20100602;20100605;mockReason
mock2;mockRequestor;20100602;;mockReason
mock3;mockRequestor;20100602;;mockReason
mock4;mockRequestor;20100602;20100605;mockReason
mock1;mockRequestor;20100602;20100605;mockReason
mock2;mockRequestor;20100602;;mockReason
mock3;mockRequestor;20100602;;mockReason
mock4;mockRequestor;20100602;20100605;mockReason
mock1;mockRequestor;20100602;20100605;mockReason
mock2;mockRequestor;20100602;;mockReason
mock3;mockRequestor;20100602;;mockReason
mock4;mockRequestor;20100602;20100605;mockReason
mock1;mockRequestor;20100602;20100605;mockReason
mock2;mockRequestor;20100602;;mockReason
mock3;mockRequestor;20100602;;mockReason
mock4;mockRequestor;20100602;20100605;mockReason
mock1;mockRequestor;20100602;20100605;mockReason
mock2;mockRequestor;20100602;;mockReason
mock3;mockRequestor;20100602;;mockReason
mock4;mockRequestor;20100602;20100605;mockReason
mock1;mockRequestor;20100602;20100605;mockReason
mock2;mockRequestor;20100602;;mockReason
mock3;mockRequestor;20100602;;mockReason
mock4;mockRequestor;20100602;20100605;mockReason
mock1;mockRequestor;20100602;20100605;mockReason
mock2;mockRequestor;20100602;;mockReason
mock3;mockRequestor;20100602;;mockReason
mock4;mockRequestor;20100602;20100605;mockReason
mock1;mockRequestor;20100602;20100605;mockReason
mock2;mockRequestor;20100602;;mockReason
mock3;mockRequestor;20100602;;mockReason
mock4;mockRequestor;20100602;20100605;mockReason
mock1;mockRequestor;20100602;20100605;mockReason
mock2;mockRequestor;20100602;;mockReason
mock3;mockRequestor;20100602;;mockReason
mock4;mockRequestor;20100602;20100605;mockReason
mock1;mockRequestor;20100602;20100605;mockReason
mock2;mockRequestor;20100602;;mockReason
mock3;mockRequestor;20100602;;mockReason
mock4;mockRequestor;20100602;20100605;mockReason
mock1;mockRequestor;20100602;20100605;mockReason
mock2;mockRequestor;20100602;;mockReason
mock3;mockRequestor;20100602;;mockReason
mock4;mockRequestor;20100602;20100605;mockReason
mock1;mockRequestor;20100602;20100605;mockReason
mock2;mockRequestor;20100602;;mockReason
mock3;mockRequestor;20100602;;mockReason
mock4;mockRequestor;20100602;20100605;mockReason
mock1;mockRequestor;20100602;20100605;mockReason
mock2;mockRequestor;20100602;;mockReason
mock3;mockRequestor;20100602;;mockReason
mock4;mockRequestor;20100602;20100605;mockReason
mock1;mockRequestor;20100602;20100605;mockReason
mock2;mockRequestor;20100602;;mockReason
mock3;mockRequestor;20100602;;mockReason
mock4;mockRequestor;20100602;20100605;mockReason
mock1;mockRequestor;20100602;20100605;mockReason
mock2;mockRequestor;20100602;;mockReason
mock3;mockRequestor;20100602;;mockReason
mock4;mockRequestor;20100602;20100605;mockReason
mock1;mockRequestor;20100602;20100605;mockReason
mock2;mockRequestor;20100602;;mockReason
mock3;mockRequestor;20100602;;mockReason
mock4;mockRequestor;20100602;20100605;mockReason
mock1;mockRequestor;20100602;20100605;mockReason
mock2;mockRequestor;20100602;;mockReason
mock3;mockRequestor;20100602;;mockReason
mock4;mockRequestor;20100602;20100605;mockReason
mock1;mockRequestor;20100602;20100605;mockReason
mock2;mockRequestor;20100602;;mockReason
mock3;mockRequestor;20100602;;mockReason
mock4;mockRequestor;20100602;20100605;mockReason
mock1;mockRequestor;20100602;20100605;mockReason
mock2;mockRequestor;20100602;;mockReason
mock3;mockRequestor;20100602;;mockReason
mock4;mockRequestor;20100602;20100605;mockReason
mock1;mockRequestor;20100602;20100605;mockReason
mock2;mockRequestor;20100602;;mockReason
mock3;mockRequestor;20100602;;mockReason
mock4;mockRequestor;20100602;20100605;mockReason
mock1;mockRequestor;20100602;20100605;mockReason
mock2;mockRequestor;20100602;;mockReason
mock3;mockRequestor;20100602;;mockReason
mock4;mockRequestor;20100602;20100605;mockReason
mock1;mockRequestor;20100602;20100605;mockReason
mock2;mockRequestor;20100602;;mockReason
mock3;mockRequestor;20100602;;mockReason
mock4;mockRequestor;20100602;20100605;mockReason
mock1;mockRequestor;20100602;20100605;mockReason
mock2;mockRequestor;20100602;;mockReason
mock3;mockRequestor;20100602;;mockReason
mock4;mockRequestor;20100602;20100605;mockReason
mock1;mockRequestor;20100602;20100605;mockReason
mock2;mockRequestor;20100602;;mockReason
mock3;mockRequestor;20100602;;mockReason
mock4;mockRequestor;20100602;20100605;mockReason
mock1;mockRequestor;20100602;20100605;mockReason
mock2;mockRequestor;20100602;;mockReason
mock3;mockRequestor;20100602;;mockReason
mock4;mockRequestor;20100602;20100605;mockReason
mock1;mockRequestor;20100602;20100605;mockReason
mock2;mockRequestor;20100602;;mockReason
mock3;mockRequestor;20100602;;mockReason
mock4;mockRequestor;20100602;20100605;mockReason
mock1;mockRequestor;20100602;20100605;mockReason
mock2;mockRequestor;20100602;;mockReason
mock3;mockRequestor;20100602;;mockReason
mock4;mockRequestor;20100602;20100605;mockReason
mock1;mockRequestor;20100602;20100605;mockReason
mock2;mockRequestor;20100602;;mockReason
mock3;mockRequestor;20100602;;mockReason
mock4;mockRequestor;20100602;20100605;mockReason
mock1;mockRequestor;20100602;20100605;mockReason
mock2;mockRequestor;20100602;;mockReason
mock3;mockRequestor;20100602;;mockReason
mock4;mockRequestor;20100602;20100605;mockReason
mock1;mockRequestor;20100602;20100605;mockReason
mock2;mockRequestor;20100602;;mockReason
mock3;mockRequestor;20100602;;mockReason
mock4;mockRequestor;20100602;20100605;mockReason
mock1;mockRequestor;20100602;20100605;mockReason
mock2;mockRequestor;20100602;;mockReason
mock3;mockRequestor;20100602;;mockReason
mock4;mockRequestor;20100602;20100605;mockReason
mock1;mockRequestor;20100602;20100605;mockReason
mock2;mockRequestor;20100602;;mockReason
mock3;mockRequestor;20100602;;mockReason
mock4;mockRequestor;20100602;20100605;mockReason
mock1;mockRequestor;20100602;20100605;mockReason
mock2;mockRequestor;20100602;;mockReason
mock3;mockRequestor;20100602;;mockReason
mock4;mockRequestor;20100602;20100605;mockReason
mock1;mockRequestor;20100602;20100605;mockReason
mock2;mockRequestor;20100602;;mockReason
mock3;mockRequestor;20100602;;mockReason
mock4;mockRequestor;20100602;20100605;mockReason
mock1;mockRequestor;20100602;20100605;mockReason
mock2;mockRequestor;20100602;;mockReason
mock3;mockRequestor;20100602;;mockReason
mock4;mockRequestor;20100602;20100605;mockReason
mock1;mockRequestor;20100602;20100605;mockReason
mock2;mockRequestor;20100602;;mockReason
mock3;mockRequestor;20100602;;mockReason
mock4;mockRequestor;20100602;20100605;mockReason
mock1;mockRequestor;20100602;20100605;mockReason
mock2;mockRequestor;20100602;;mockReason
mock3;mockRequestor;20100602;;mockReason
mock4;mockRequestor;20100602;20100605;mockReason
mock1;mockRequestor;20100602;20100605;mockReason
mock2;mockRequestor;20100602;;mockReason
mock3;mockRequestor;20100602;;mockReason
mock4;mockRequestor;20100602;20100605;mockReason
mock1;mockRequestor;20100602;20100605;mockReason
mock2;mockRequestor;20100602;;mockReason
mock3;mockRequestor;20100602;;mockReason
mock4;mockRequestor;20100602;20100605;mockReason
mock1;mockRequestor;20100602;20100605;mockReason
mock2;mockRequestor;20100602;;mockReason
mock3;mockRequestor;20100602;;mockReason
mock4;mockRequestor;20100602;20100605;mockReason
mock1;mockRequestor;20100602;20100605;mockReason
mock2;mockRequestor;20100602;;mockReason
mock3;mockRequestor;20100602;;mockReason
mock4;mockRequestor;20100602;20100605;mockReason
mock1;mockRequestor;20100602;20100605;mockReason
mock2;mockRequestor;20100602;;mockReason
mock3;mockRequestor;20100602;;mockReason
mock4;mockRequestor;20100602;20100605;mockReason
mock1;mockRequestor;20100602;20100605;mockReason
mock2;mockRequestor;20100602;;mockReason
mock3;mockRequestor;20100602;;mockReason
mock4;mockRequestor;20100602;20100605;mockReason
mock1;mockRequestor;20100602;20100605;mockReason
mock2;mockRequestor;20100602;;mockReason
mock3;mockRequestor;20100602;;mockReason
mock4;mockRequestor;20100602;20100605;mockReason
mock1;mockRequestor;20100602;20100605;mockReason
mock2;mockRequestor;20100602;;mockReason
mock3;mockRequestor;20100602;;mockReason
mock4;mockRequestor;20100602;20100605;mockReason
mock1;mockRequestor;20100602;20100605;mockReason
mock2;mockRequestor;20100602;;mockReason
mock3;mockRequestor;20100602;;mockReason
mock4;mockRequestor;20100602;20100605;mockReason
mock1;mockRequestor;20100602;20100605;mockReason
mock2;mockRequestor;20100602;;mockReason
mock3;mockRequestor;20100602;;mockReason
mock4;mockRequestor;20100602;20100605;mockReason
mock1;mockRequestor;20100602;20100605;mockReason
mock2;mockRequestor;20100602;;mockReason
mock3;mockRequestor;20100602;;mockReason
mock4;mockRequestor;20100602;20100605;mockReason
mock1;mockRequestor;20100602;20100605;mockReason
mock2;mockRequestor;20100602;;mockReason
mock3;mockRequestor;20100602;;mockReason
mock4;mockRequestor;20100602;20100605;mockReason
mock1;mockRequestor;20100602;20100605;mockReason
mock2;mockRequestor;20100602;;mockReason
mock3;mockRequestor;20100602;;mockReason
mock4;mockRequestor;20100602;20100605;mockReason
mock1;mockRequestor;20100602;20100605;mockReason
mock2;mockRequestor;20100602;;mockReason
mock3;mockRequestor;20100602;;mockReason
mock4;mockRequestor;20100602;20100605;mockReason
mock1;mockRequestor;20100602;20100605;mockReason
mock2;mockRequestor;20100602;;mockReason
mock3;mockRequestor;20100602;;mockReason
mock4;mockRequestor;20100602;20100605;mockReason
mock1;mockRequestor;20100602;20100605;mockReason
mock2;mockRequestor;20100602;;mockReason
mock3;mockRequestor;20100602;;mockReason
mock4;mockRequestor;20100602;20100605;mockReason
mock1;mockRequestor;20100602;20100605;mockReason
mock2;mockRequestor;20100602;;mockReason
mock3;mockRequestor;20100602;;mockReason
mock4;mockRequestor;20100602;20100605;mockReason
mock1;mockRequestor;20100602;20100605;mockReason
mock2;mockRequestor;20100602;;mockReason
mock3;mockRequestor;20100602;;mockReason
mock4;mockRequestor;20100602;20100605;mockReason
mock1;mockRequestor;20100602;20100605;mockReason
mock2;mockRequestor;20100602;;mockReason
mock3;mockRequestor;20100602;;mockReason
mock4;mockRequestor;20100602;20100605;mockReason
mock1;mockRequestor;20100602;20100605;mockReason
mock2;mockRequestor;20100602;;mockReason
mock3;mockRequestor;20100602;;mockReason
mock4;mockRequestor;20100602;20100605;mockReason
mock1;mockRequestor;20100602;20100605;mockReason
mock2;mockRequestor;20100602;;mockReason
mock3;mockRequestor;20100602;;mockReason
mock4;mockRequestor;20100602;20100605;mockReason
mock1;mockRequestor;20100602;20100605;mockReason
mock2;mockRequestor;20100602;;mockReason
mock3;mockRequestor;20100602;;mockReason
mock4;mockRequestor;20100602;20100605;mockReason
mock1;mockRequestor;20100602;20100605;mockReason
mock2;mockRequestor;20100602;;mockReason
mock3;mockRequestor;20100602;;mockReason
mock4;mockRequestor;20100602;20100605;mockReason
mock1;mockRequestor;20100602;20100605;mockReason
mock2;mockRequestor;20100602;;mockReason
mock3;mockRequestor;20100602;;mockReason
mock4;mockRequestor;20100602;20100605;mockReason
mock1;mockRequestor;20100602;20100605;mockReason
mock2;mockRequestor;20100602;;mockReason
mock3;mockRequestor;20100602;;mockReason
mock4;mockRequestor;20100602;20100605;mockReason
mock1;mockRequestor;20100602;20100605;mockReason
mock2;mockRequestor;20100602;;mockReason
mock3;mockRequestor;20100602;;mockReason
mock4;mockRequestor;20100602;20100605;mockReason
mock1;mockRequestor;20100602;20100605;mockReason
mock2;mockRequestor;20100602;;mockReason
mock3;mockRequestor;20100602;;mockReason
mock4;mockRequestor;20100602;20100605;mockReason
mock1;mockRequestor;20100602;20100605;mockReason
mock2;mockRequestor;20100602;;mockReason
mock3;mockRequestor;20100602;;mockReason
mock4;mockRequestor;20100602;20100605;mockReason
mock1;mockRequestor;20100602;20100605;mockReason
mock2;mockRequestor;20100602;;mockReason
mock3;mockRequestor;20100602;;mockReason
mock4;mockRequestor;20100602;20100605;mockReason
mock1;mockRequestor;20100602;20100605;mockReason
mock2;mockRequestor;20100602;;mockReason
mock3;mockRequestor;20100602;;mockReason
mock4;mockRequestor;20100602;20100605;mockReason
mock1;mockRequestor;20100602;20100605;mockReason
mock2;mockRequestor;20100602;;mockReason
mock3;mockRequestor;20100602;;mockReason
mock4;mockRequestor;20100602;20100605;mockReason
mock1;mockRequestor;20100602;20100605;mockReason
mock2;mockRequestor;20100602;;mockReason
mock3;mockRequestor;20100602;;mockReason
mock4;mockRequestor;20100602;20100605;mockReason
mock1;mockRequestor;20100602;20100605;mockReason
mock2;mockRequestor;20100602;;mockReason
mock3;mockRequestor;20100602;;mockReason
mock4;mockRequestor;20100602;20100605;mockReason
mock1;mockRequestor;20100602;20100605;mockReason
mock2;mockRequestor;20100602;;mockReason
mock3;mockRequestor;20100602;;mockReason
mock4;mockRequestor;20100602;20100605;mockReason
mock1;mockRequestor;20100602;20100605;mockReason
mock2;mockRequestor;20100602;;mockReason
mock3;mockRequestor;20100602;;mockReason
mock4;mockRequestor;20100602;20100605;mockReason
mock1;mockRequestor;20100602;20100605;mockReason
mock2;mockRequestor;20100602;;mockReason
mock3;mockRequestor;20100602;;mockReason
mock4;mockRequestor;20100602;20100605;mockReason
mock1;mockRequestor;20100602;20100605;mockReason
mock2;mockRequestor;20100602;;mockReason
mock3;mockRequestor;20100602;;mockReason
mock4;mockRequestor;20100602;20100605;mockReason
mock1;mockRequestor;20100602;20100605;mockReason
mock2;mockRequestor;20100602;;mockReason
mock3;mockRequestor;20100602;;mockReason
mock4;mockRequestor;20100602;20100605;mockReason
mock1;mockRequestor;20100602;20100605;mockReason
mock2;mockRequestor;20100602;;mockReason
mock3;mockRequestor;20100602;;mockReason
mock4;mockRequestor;20100602;20100605;mockReason
mock1;mockRequestor;20100602;20100605;mockReason
mock2;mockRequestor;20100602;;mockReason
mock3;mockRequestor;20100602;;mockReason
mock4;mockRequestor;20100602;20100605;mockReason
mock1;mockRequestor;20100602;20100605;mockReason
mock2;mockRequestor;20100602;;mockReason
mock3;mockRequestor;20100602;;mockReason
mock4;mockRequestor;20100602;20100605;mockReason
mock1;mockRequestor;20100602;20100605;mockReason
mock2;mockRequestor;20100602;;mockReason
mock3;mockRequestor;20100602;;mockReason
mock4;mockRequestor;20100602;20100605;mockReason
mock1;mockRequestor;20100602;20100605;mockReason
mock2;mockRequestor;20100602;;mockReason
mock3;mockRequestor;20100602;;mockReason
mock4;mockRequestor;20100602;20100605;mockReason
mock1;mockRequestor;20100602;20100605;mockReason
mock2;mockRequestor;20100602;;mockReason
mock3;mockRequestor;20100602;;mockReason
mock4;mockRequestor;20100602;20100605;mockReason
mock1;mockRequestor;20100602;20100605;mockReason
mock2;mockRequestor;20100602;;mockReason
mock3;mockRequestor;20100602;;mockReason
mock4;mockRequestor;20100602;20100605;mockReason
mock1;mockRequestor;20100602;20100605;mockReason
mock2;mockRequestor;20100602;;mockReason
mock3;mockRequestor;20100602;;mockReason
mock4;mockRequestor;20100602;20100605;mockReason
mock1;mockRequestor;20100602;20100605;mockReason
mock2;mockRequestor;20100602;;mockReason
mock3;mockRequestor;20100602;;mockReason
mock4;mockRequestor;20100602;20100605;mockReason
mock1;mockRequestor;20100602;20100605;mockReason
mock2;mockRequestor;20100602;;mockReason
mock3;mockRequestor;20100602;;mockReason
mock4;mockRequestor;20100602;20100605;mockReason
mock1;mockRequestor;20100602;20100605;mockReason
mock2;mockRequestor;20100602;;mockReason
mock3;mockRequestor;20100602;;mockReason
mock4;mockRequestor;20100602;20100605;mockReason
mock1;mockRequestor;20100602;20100605;mockReason
mock2;mockRequestor;20100602;;mockReason
mock3;mockRequestor;20100602;;mockReason
mock4;mockRequestor;20100602;20100605;mockReason
mock1;mockRequestor;20100602;20100605;mockReason
mock2;mockRequestor;20100602;;mockReason
mock3;mockRequestor;20100602;;mockReason
mock4;mockRequestor;20100602;20100605;mockReason